{
  "k": 1,
  "model": "gpt-4o",
  "precision": 0.3876651982378855,
  "recall": 0.5146198830409356,
  "f1": 0.44221105522737175,
  "infer_time_s": 554.0089631080627
}