{
  "k": 0,
  "model": "gpt-4o",
  "precision": 0.41418439716312055,
  "recall": 0.5692007797270955,
  "f1": 0.4794745483913081,
  "infer_time_s": 538.2362987995148
}