{
  "k": 20,
  "model": "gpt-4o-mini",
  "precision": 0.1905717151454363,
  "recall": 0.7364341085271318,
  "f1": 0.30278884458885086,
  "infer_time_s": 601.6294870376587,
  "gpu_mem_mb": 0,
  "cpu_mem_gb": 5.478191375732422,
  "cpu_mem_percent": 45.8
}