{
  "f1_dev": 0.14245548266166821,
  "f1_test": 0.11348359035191775
}