{
  "k": 1,
  "model": "gpt-4o-mini",
  "precision": 0.15659574468085105,
  "recall": 0.7131782945736435,
  "f1": 0.2568039078560294,
  "infer_time_s": 581.5455060005188,
  "gpu_mem_mb": 0,
  "cpu_mem_gb": 5.495800018310547,
  "cpu_mem_percent": 45.9
}