{
  "k": 5,
  "model": "gpt-4o",
  "precision": 0.4184704184704185,
  "recall": 0.5653021442495126,
  "f1": 0.48092868983502757,
  "infer_time_s": 687.910808801651
}