{
  "f1_dev": 0.5097087378640777,
  "f1_test": 0.558968058968059
}