{
  "k": 20,
  "model": "flan-t5",
  "precision": 0.0,
  "recall": 0.0,
  "f1": 0.0,
  "infer_time_s": 198.99937200546265,
  "gpu_mem_mb": 1008.77587890625,
  "cpu_mem_gb": 5.493572235107422,
  "cpu_mem_percent": 45.9
}