{
    "f1_dev": 0.6997245179063359,
    "f1_test": 0.6194573130377234,
    "inference_time_s": 162.3097836971283
}