{
  "k": 5,
  "model": "gpt-4o-mini",
  "precision": 0.1610062893081761,
  "recall": 0.7441860465116279,
  "f1": 0.26473629779908864,
  "infer_time_s": 698.3771891593933,
  "gpu_mem_mb": 0,
  "cpu_mem_gb": 5.506649017333984,
  "cpu_mem_percent": 46.0
}