{
  "k": 1,
  "model": "flan-t5",
  "precision": 0.25,
  "recall": 0.07797270955165692,
  "f1": 0.11887072804696541,
  "infer_time_s": 461.2768681049347
}