{
  "k": 1,
  "model": "flan-t5",
  "precision": 0.0367965367965368,
  "recall": 0.03294573643410853,
  "f1": 0.03476482612602156,
  "infer_time_s": 135.73162627220154,
  "gpu_mem_mb": 979.55908203125,
  "cpu_mem_gb": 5.487693786621094,
  "cpu_mem_percent": 45.9
}