{
  "k": 10,
  "model": "gpt-4o-mini",
  "precision": 0.1855421686746988,
  "recall": 0.7461240310077519,
  "f1": 0.2971825549661723,
  "infer_time_s": 641.8800399303436,
  "gpu_mem_mb": 0,
  "cpu_mem_gb": 5.504085540771484,
  "cpu_mem_percent": 46.0
}