{
  "k": 20,
  "model": "gpt-4o",
  "precision": 0.4789915966386555,
  "recall": 0.5555555555555556,
  "f1": 0.5144404331632701,
  "infer_time_s": 1256.0833711624146
}