{
  "k": 10,
  "model": "gpt-4o",
  "precision": 0.4797297297297297,
  "recall": 0.5536062378167641,
  "f1": 0.5140271492715226,
  "infer_time_s": 852.1755628585815
}