{
  "k": 5,
  "model": "flan-t5",
  "precision": 0.27358490566037735,
  "recall": 0.11306042884990253,
  "f1": 0.15999999995861838,
  "infer_time_s": 465.11006689071655
}