{
  "k": 5,
  "model": "flan-t5",
  "precision": 0.045563549160671464,
  "recall": 0.03682170542635659,
  "f1": 0.04072883167617926,
  "infer_time_s": 128.12888407707214,
  "gpu_mem_mb": 981.06396484375,
  "cpu_mem_gb": 5.504302978515625,
  "cpu_mem_percent": 46.0
}