{
  "k": 10,
  "model": "flan-t5",
  "precision": 0.24867724867724866,
  "recall": 0.18323586744639375,
  "f1": 0.21099887761669217,
  "infer_time_s": 511.44024085998535
}