{
  "k": 10,
  "model": "flan-t5",
  "precision": 0.0,
  "recall": 0.0,
  "f1": 0.0,
  "infer_time_s": 132.00515699386597,
  "gpu_mem_mb": 1000.42724609375,
  "cpu_mem_gb": 5.498260498046875,
  "cpu_mem_percent": 46.0
}