{
  "k": 0,
  "model": "flan-t5",
  "precision": 0.20416666666666666,
  "recall": 0.09551656920077972,
  "f1": 0.1301460822938895,
  "infer_time_s": 706.2577247619629
}